Thickness,Twist,Solidity,TSR,Pred_Cp,Sigma_Cp,Pred_TRF,Sigma_TRF
13.427673140546284,70.0650621794107,0.2500000000201459,4.246009590537014,0.37503592735081204,0.002206130192860787,0.6684104539332629,0.10253465181358362
13.428666650385125,70.20993363896797,0.25000000142378354,4.2460425747360535,0.37503580126193453,0.0022056631119946875,0.6664354732036138,0.10270101675865236
13.427673140546284,70.0327740796472,0.2500000002236489,4.245913133342383,0.3750357826697244,0.002205545285203596,0.6688517252778451,0.1025346045781897
13.425785691553198,70.37999484346216,0.25000000464560956,4.246015165615137,0.3750357478296467,0.0022055231258792016,0.664138417200747,0.1022186974371946
13.427838091076817,70.18094656449065,0.25000000001605044,4.245905312723313,0.37503562853404054,0.002204952532499351,0.666830843922982,0.10256242817464295
13.425817275240508,70.52704301285847,0.2500000023386241,4.2460222521618025,0.37503561814155106,0.002205078491813081,0.6621596011932713,0.10222422672743384
13.426747209403942,70.62805944395761,0.25000000064142336,4.2460466192497,0.3750355150838085,0.0022047185235268417,0.6608036933547803,0.10238040398304278
13.427765405190348,70.32221224820294,0.2500000016000432,4.245909231338014,0.37503550954578935,0.0022045228048316904,0.6649148965557955,0.1025504771156363
13.425846505311277,70.66364391903501,0.2500000009506239,4.246012095416763,0.3750354630447143,0.0022045482699766905,0.6603308964413859,0.10222934795275526
13.428592975361905,70.47648190414843,0.250000000357739,4.245934705536496,0.3750353639916703,0.0022040138107708783,0.6628318527282755,0.10268911044342378
13.428741600817947,70.9213442087985,0.25000000018705243,4.246195091124777,0.3750353636540276,0.0022043999390064053,0.6568944950366974,0.10271464649393901
13.428205006161345,70.72651972288142,0.25000000317194876,4.245974448743864,0.37503520768579396,0.0022035607041125554,0.6594845441161777,0.10262464442391835
13.425146246223553,70.76893314019661,0.2500000000709917,4.2459091932058435,0.37503520151405445,0.0022036138286965815,0.6589300245584793,0.10211187152336311
13.425846505311277,71.01636258542976,0.2500000009506239,4.246012095416763,0.3750350933823317,0.002203399317117944,0.655650779441992,0.1022299116987119
13.428193546747094,70.89286314386536,0.2500000001181746,4.245989663811625,0.3750350631385133,0.0022031311885010118,0.657273813722502,0.10262299299585463
13.42169758770072,72.1828254280708,0.2500000007371462,4.246639366892632,0.3750349627733645,0.0022051623494020087,0.6406077564783949,0.10153277060448451
13.427765405190348,71.08604787533976,0.2500000019866605,4.246015311606492,0.3750349233950388,0.0022027847855286423,0.654724621472818,0.10255168084767018
13.42571340801769,71.90798077134772,0.2500000032432089,4.246498210071825,0.37503489252831146,0.00220412121770391,0.6440748759526473,0.1022090208534576
13.425817275240508,71.25584046186839,0.250000002359414,4.246022340871834,0.3750348462547596,0.0022027115672645326,0.6525066436621675,0.10222539397572476
13.427819938479484,71.13417738887583,0.2500000001181746,4.245989663811625,0.37503482129808674,0.002202434187429443,0.6540915748462485,0.10256088473524418
13.428269953867726,71.20669262110984,0.2500000001556253,4.246028736824535,0.3750347855976077,0.002202387425590702,0.6531380064332428,0.10263627750215161
13.425637180154517,72.09296785376138,0.25000000020374763,4.246498210071825,0.37503465724390556,0.0022035721544334482,0.6417165686860908,0.10219651845303862
13.427011761615553,71.6794007320104,0.250000000205115,4.246210919077519,0.3750346191196491,0.002202480574359294,0.6470011589419905,0.10242644701315963
13.428151797189143,71.38577209276487,0.2500000001556253,4.246028736824535,0.37503458635655923,0.002201844766670127,0.6507990597217508,0.10261681146997288
13.425817275240508,71.51233923971131,0.2500000001343514,4.246023940393835,0.37503454958834004,0.0022019117165304053,0.649167784046209,0.10222581458272256
13.42697623144426,71.75902073626256,0.2500000017370105,4.2462083391753636,0.3750345174381114,0.002202222614522806,0.6459763548708686,0.10242062349737098
13.425582929324994,71.55557217851046,0.2500000003877214,4.246023940393835,0.37503450895768436,0.0022018263584539515,0.6486092953021511,0.10218652953761138
13.428741600817947,71.667446984673,0.25000000018705243,4.246127855349726,0.37503439178010944,0.0022015507782403142,0.6471443878638138,0.10271586175709885
13.428269953867726,71.84793740004699,0.2500000001241276,4.246028736824535,0.37503401555335325,0.002200379549161545,0.6448258892398397,0.10263732573611359
13.425518145086668,72.6922451855785,0.2500000001736151,4.246560472933657,0.3750339380357649,0.0022022549909044304,0.6341697292862052,0.10217747616061436
13.42558434662627,72.0036483059498,0.250000000085152,4.246012095416763,0.37503392332556706,0.0022003537179677356,0.6428541548992657,0.10218749976794317
13.420243364483902,72.94146385633228,0.2500000000218893,4.2465660674899155,0.3750338203780522,0.0022026913293351777,0.6311274096743341,0.1012877858995837
13.42498249983391,72.56002500837211,0.25000000067220796,4.246330441717826,0.3750337623428065,0.002201101283004256,0.6358281300837404,0.1020872440239406
13.427011761615553,72.32979314556627,0.25000000000008454,4.246126089109255,0.37503361994315326,0.0021998846054906876,0.6387051970384594,0.10242749957432358
13.423743568773967,72.4706380787359,0.25000000079544504,4.24614636369922,0.3750336190128093,0.0022003039719634895,0.636960720183962,0.10187856593160359
13.427905451643117,72.16853857122588,0.25000000134899103,4.246028736824535,0.3750336156752907,0.0021994794792732676,0.6407387986902086,0.10257687866209379
13.427076471507709,72.38758091934562,0.25000000000008454,4.246126089109255,0.3750335364667025,0.002199698105410251,0.6379757990939814,0.10243843407063047
13.42107645315803,73.2115920541334,0.2500000005584697,4.2466396064691425,0.37503349655334656,0.002202264478736419,0.627788597739869,0.10142930722095446
13.424975158362194,72.77385781056044,0.25000000066426986,4.246224371949704,0.37503326469559845,0.0021997093088142617,0.633157916044484,0.10208634481651539
13.427905451643117,72.44062018445999,0.25000000134899103,4.246028736824535,0.3750332415098303,0.002198663966163952,0.6373005931491058,0.1025773129209927
13.427218749088581,72.87856770175776,0.2500000019874943,4.246221723526919,0.375032989257589,0.0021989122475859265,0.6318330096701091,0.10246304163020448
13.426917429017523,72.85611789550802,0.2500000002903793,4.24608187750953,0.3750327877927909,0.002198033488298239,0.632115001633222,0.10241252056179387
13.427206882422537,73.06543593276797,0.2500000000823118,4.246227797959474,0.37503271693603046,0.002198419772800854,0.629518825719805,0.10246134525592358
13.426977666235304,73.30999497206423,0.2500000004360812,4.246210655490011,0.3750323148426409,0.002197648322829474,0.6265110515648811,0.10242332427740326
13.421750502442,73.42238302478658,0.25000000001456735,4.246134525201137,0.3750322360681916,0.0021978810795721337,0.6251990659282061,0.10154365799959283
13.42050665792105,74.25056887632452,0.2500000006086095,4.24674260877783,0.3750319461357778,0.0022002505329947663,0.6152094834979727,0.10133451175255878
13.427206882422537,73.56468251747012,0.2500000000823118,4.246227797959474,0.3750319194724041,0.0021970103593315204,0.6233942466231165,0.10246213180914372
13.427868469018248,73.40347032225252,0.25000000001826383,4.246091837051835,0.375031902207464,0.0021963437873633463,0.6253548298261019,0.10257263570104139
13.424891173724959,74.06729522349463,0.25000000251268645,4.246589051822776,0.37503181136206887,0.0021987181270326397,0.6173418714230341,0.10207428938467354
13.427765405190348,73.50754429008092,0.2500000088566531,4.246055173645889,0.37503166893180206,0.0021958100031513814,0.6240840083049235,0.10255555513124145
13.419171766900453,73.81831867497985,0.25000000109438364,4.24613267746154,0.3750316637633967,0.002197308880002341,0.6204241606739689,0.10110736679815471
13.421806508879893,74.31276979579609,0.2500000000065292,4.2466250350379635,0.3750315795822243,0.0021989637410523284,0.6144458652574283,0.10155460636769328
13.427765405190348,73.66217913356354,0.2500000089759734,4.246055173645889,0.37503141199699747,0.0021953810207893942,0.6222002976790815,0.10255580389382105
13.425949366184781,73.81831867497985,0.2500000010983986,4.24613267746154,0.3750313851768464,0.002195886940254418,0.6203307019158365,0.10225166977575434
13.425920344291281,73.93939802520532,0.25000000126625455,4.246227797959474,0.37503135085646283,0.0021962478715717064,0.6188678306719013,0.10224699964432536
13.425914787275774,73.73104420086621,0.25000000021257934,4.246026117010337,0.37503133845440684,0.0021953661895189676,0.6213886316656422,0.1022457215425423
13.424987487906618,74.46268124539593,0.25000000001604006,4.246591441773701,0.37503109822511116,0.002197662193790155,0.6126067075904014,0.10209119603662706
13.425240605031028,74.64920618397043,0.2500000020647783,4.246610116916653,0.37503076817586795,0.002197257111183154,0.6103836470221276,0.10213410714528036
13.427673140546284,74.16649929820214,0.25000000001861145,4.246028820294052,0.3750304947663893,0.0021938404356678935,0.616108556459659,0.10254121207636574
13.425150253809544,74.73686925819965,0.2500000002170143,4.246511758653383,0.3750304379433949,0.0021963404302084706,0.6093452878703622,0.10211909487836421
13.424894719147972,75.08543487550672,0.2500000004403155,4.246589051822776,0.3750299049891208,0.0021960609943131163,0.605233195157354,0.1020768660098584
13.425917456773284,75.61109423787688,0.2500000012706891,4.2471953330171015,0.3750297567993738,0.0021989173783640587,0.5990543829887693,0.1022499589224726
13.421093568226981,75.30375023341475,0.25000000015530155,4.2466389713895945,0.3750297264691221,0.002196657487585455,0.602740874062474,0.10143604763896388
13.427673140546284,74.56361234011463,0.2500000000156287,4.246002277297172,0.37502971563824267,0.0021926019496398713,0.6113610657208383,0.1025419450392224
13.426716527120323,74.88948086431928,0.25000000000023337,4.2460999805929225,0.37502932333344474,0.002192661848653882,0.607512006744442,0.1023823520125592
13.424812549951447,75.46600577441951,0.25000004226599565,4.246607505418745,0.375029159781981,0.002195263995669255,0.6007707568781745,0.10206393219906058
13.425761245588955,74.99057498596527,0.25000000040412296,4.246070698875983,0.3750291172931817,0.0021923893540574694,0.6063352263943396,0.10222227952817438
13.427020959629136,74.85469603555111,0.2500000000127093,4.2459469557720535,0.3750290870780137,0.0021915864636771333,0.60791804324389,0.10243330555381291
13.420944893320222,75.75029312931392,0.25000000008265993,4.246597045079243,0.3750287278048841,0.002195290592609503,0.5975341704315308,0.10141198532387002
13.428232222524107,75.14286326481249,0.25000000011512186,4.245989663811625,0.37502853455391577,0.002190919906652494,0.6044962880827809,0.10263668807909807
13.421609786814743,75.91614349389343,0.2500000005584697,4.2466396064691425,0.37502841748731014,0.0021950630271464237,0.5955944925011061,0.10152492875198935
13.427020959629136,75.23676663215517,0.25000000001640593,4.245976223176017,0.3750283824559326,0.0021908346467485467,0.6034146933525225,0.10243414212248371
13.426339918040263,75.85798989498286,0.25000000136076994,4.246560017618048,0.37502817775401437,0.0021936649832895315,0.5961704248083383,0.10232149781949026
13.425700812573577,76.12045652412974,0.25000005267001435,4.246577697540065,0.37502765679701927,0.002193302170895025,0.5931388089676889,0.10221494377692239
13.425850292929466,76.2146604712582,0.2500000096393088,4.246548045479997,0.37502739645745076,0.0021928400081830677,0.5920451842962903,0.10224031048954203
13.425917456773284,76.04028297076447,0.2500000020197983,4.246221723526919,0.37502719534740164,0.0021908838146771008,0.5940630810930972,0.10225109495718207
13.425700812573577,76.37201044460402,0.25000005267001435,4.246586247797678,0.37502710653080984,0.0021927820567899875,0.5902302449519784,0.10221566900891635
13.425121641538615,76.55369820518867,0.2500000000996022,4.246769255422995,0.3750270443580614,0.002193803431185849,0.5881483382915037,0.10211889514361419
13.424891173724959,76.47594719652479,0.25000000037048864,4.246589051822776,0.37502692625178236,0.0021927287721426906,0.5890496569363469,0.10207990873589297
13.425468569164707,76.61827221456285,0.2500000050647051,4.246737679937397,0.3750268220107815,0.0021933607696032237,0.5873965906424087,0.10217739746404371
13.424945178334092,76.71039846931161,0.25000000259282984,4.246642061907567,0.3750264704604732,0.002192571252732669,0.5863489451272165,0.10208970895364579
13.427868469018248,76.25153860121925,0.25000000132457567,4.246091837051835,0.3750263805424737,0.0021890661943356287,0.5915738170906351,0.10257868924815977
13.421806508879893,76.81660850363997,0.250000000006676,4.2466250350379635,0.37502633671666963,0.0021928445389556746,0.5852041527423498,0.10156084367237286
13.427206882422537,76.39882942489112,0.2500000000478088,4.246227797959474,0.37502633491361254,0.002189839300360544,0.589886376485044,0.10246835734262305
13.425920344291281,77.19944735119792,0.2500000002786985,4.24723946824559,0.3750262197962243,0.0021956045369186696,0.5807120534186888,0.10225514217823464
13.421806508879893,76.84343662789043,0.250000000006676,4.246565094951295,0.3750261664396645,0.0021923532137354913,0.5848962617779013,0.10156092894204737
13.425700812573577,76.93193910090649,0.25000005267001435,4.246577702866766,0.37502578291292643,0.002191466073246753,0.5837852692193396,0.10221740060998181
13.420240200655591,77.087767039248,0.2500000000238003,4.246597108265428,0.3750256982869706,0.0021923634341948876,0.5821349122375538,0.10129658257814812
13.425394258938924,77.02684847214626,0.2500000023818637,4.246583906157922,0.3750255914438862,0.0021913654223449856,0.5827037961718224,0.10216620984369872
13.412972020741384,77.98865681584958,0.2500000005067412,4.2474726565317695,0.37502513374584623,0.002198252181566526,0.5720552638576454,0.10006027879483247
13.421800132773022,77.54546965278585,0.25000000033230924,4.246795022672042,0.37502484497648114,0.002192497045413902,0.5768621763404415,0.10156220243924416
13.41877152269379,77.58041506727648,0.25000000233950864,4.246646012718641,0.37502461267672627,0.0021919596418716394,0.5765444965481309,0.10104901482942992
13.420606137622169,77.75127065386356,0.2500000005905984,4.24681696589867,0.3750244073000041,0.0021924669271543317,0.5745459440526082,0.10136088030274736
13.420159662416902,78.09543865695464,0.25000001720023646,4.2472262617770085,0.37502420452645674,0.0021948037452118345,0.5706354449815204,0.1012864983828804
13.42672065347763,77.67681455511774,0.25000000062533445,4.246654809024947,0.3750240245155464,0.002190237767942149,0.5752291888152526,0.10239107232382441
13.426485843622427,77.1530869128815,0.25000000099591324,4.245933464782312,0.37502401896289367,0.002186194669184652,0.5812289342454082,0.10234987825366437
13.425821560149377,77.48091110957078,0.2500000388335672,4.246290904047099,0.37502390920783435,0.0021882027768901644,0.5774929917354639,0.10223952446877999
13.427868469018248,77.31492858387814,0.2500000000798833,4.246091837051835,0.37502385420667134,0.002186716813711013,0.5793390945767923,0.10258204754003773
13.420652167575888,77.98865681584958,0.2500000005067412,4.2468555341475644,0.37502385341727684,0.0021922512937015554,0.5718382548546025,0.10136955179228867
13.426864512993106,77.43100371984647,0.250000002277187,4.246022340871834,0.375023480936028,0.0021861698016882904,0.5780363806274526,0.10241431642017143
13.42672065347763,77.90027572116806,0.2500000014065611,4.246646012718641,0.37502343032633695,0.0021897195706855007,0.5726762808727011,0.10239189395438826
13.417920706152552,78.18103328804571,0.2500000000299858,4.246643092050299,0.37502306773458793,0.0021908826413020127,0.5697249513997553,0.10090655011799314
13.42261925119834,78.58726649672766,0.2500000214610775,4.247401186843539,0.37502303291492045,0.00219461062145127,0.5649581605197193,0.10170457428358849
13.424413796499696,78.52303977591107,0.250000001453783,4.247230627643932,0.3750228552290291,0.0021931532402843846,0.565636567221496,0.10200682266576512
13.418436306616002,78.2282488645962,0.25000000107079706,4.246597275912045,0.37502284001624053,0.0021903555336138555,0.5691724479515172,0.1009944311949622
13.417920706152552,78.31055237092534,0.25000000132015066,4.246643092050299,0.3750227185601081,0.0021906262722021543,0.5682504805850607,0.10090705412617314
13.420397447301188,78.34873452821083,0.2500000000679422,4.246597996929571,0.37502244504419874,0.0021897327502475666,0.5677428822109492,0.1013277878222935
13.426484189680172,78.4420802024926,0.2500000009953934,4.246264813843489,0.375021301443399,0.002185958565685767,0.5664984793710329,0.10235436466285594
13.420625057806543,79.15117404011885,0.25000000017268176,4.247199491324264,0.3750212234577017,0.00219250515329272,0.558587661508829,0.10136981560808177
13.428870692738359,78.87396706173112,0.2500000000111599,4.246804441307977,0.37502092608123105,0.0021885645235849593,0.5614935157396438,0.10275570066100737
13.424041735427412,79.2915690468517,0.2500000032298322,4.2472516398808775,0.3750207333953234,0.002191958330353873,0.556873040949047,0.10194763304353675
13.420240200655591,78.95814303092503,0.2500000000238003,4.246541470097005,0.37502064967073234,0.0021881995044400865,0.5608025266553993,0.10130371228293267
13.424854989957268,79.37772135202982,0.2500000214610775,4.247383235385412,0.37502063808722963,0.002192592822358066,0.5558608165634977,0.10208494465148991
13.424041735427412,79.55816671145655,0.2500000032298322,4.247459188663552,0.37502027024168455,0.0021929816044380618,0.5538213801068382,0.10194897170394907
13.419820269581969,78.97790519508432,0.2500000005335702,4.246092420295398,0.37501974258672344,0.002185013334127145,0.560590362626578,0.10123259250393968
13.42873709302062,78.82485715102793,0.250000000118408,4.246028665310413,0.3750196632958045,0.002183106431740049,0.5620589515410401,0.10273315989749443
13.421139645990355,79.42567935038846,0.2500000005611448,4.2466396064691425,0.37501943580133834,0.0021878868050373168,0.5554342978425235,0.1014582802932603
13.42603657401821,79.0786957729828,0.2500000002469319,4.24621345878967,0.3750194345716105,0.002184490756847533,0.5592426732154665,0.10228204660077005
13.424269286118232,79.78767915678137,0.250000000234999,4.247272033001559,0.3750192804148674,0.002191200717293352,0.5511814873211844,0.10198851018523662
13.413768822931504,80.05167445965529,0.25000000076064877,4.247418949916527,0.37501914124288316,0.0021938727067330973,0.5485140550882537,0.10020626167746775
13.425146246223553,79.69298897789851,0.2500000000709917,4.246769255422995,0.37501868383366954,0.002187580053740755,0.5522384641615187,0.10213554823963376
13.424413796499696,79.99033707099021,0.250000001453783,4.247230627643932,0.37501858864899157,0.002190536909200938,0.5488475942506122,0.10201396681429556
13.426485843622427,79.24894184797682,0.250000000405528,4.245922488082838,0.37501834676350954,0.0021820083772569115,0.5572813469592912,0.10235824550959417
13.424294390907967,79.82648463575443,0.250000000234999,4.246736835515986,0.3750182655958337,0.002187285432929422,0.5507350422966611,0.10199294917519171
13.423802128088482,80.3255303522149,0.2500000031961138,4.2473853340199526,0.3750178233916633,0.0021912213931559064,0.5450062888706653,0.1019129190407236
13.420396117349911,80.54955474314498,0.25000000027039176,4.247640426392632,0.3750176758383997,0.002193356938010515,0.542540075441305,0.10133868993816897
13.427673140546284,79.56068337596625,0.25000000167157566,4.246024903359293,0.3750175671868243,0.0021819744453676427,0.5536713191611419,0.10255876930263665
13.41414750772621,80.64240567425242,0.2500000028036513,4.247422612567756,0.3750172753865185,0.0021928681406513276,0.5416948761308563,0.1002746808262227
13.424951398530823,79.89088712213535,0.25000000006429113,4.24617375163372,0.37501699131427585,0.0021830054394824877,0.5499725468486436,0.10210386355245216
13.42074730984879,80.2904425404432,0.25000000009358814,4.246692908778998,0.3750169084662628,0.00218689166385217,0.5455203557931607,0.10139659699723438
13.419156450279809,80.82118190025521,0.25000000291410546,4.247411223547355,0.3750164999564619,0.002191532234084835,0.5394371965816838,0.10113012096353119
13.42598861546556,80.15218315113134,0.25000000009500356,4.2462943482558675,0.3750163648976515,0.002183246442282757,0.5469286265924239,0.10227965159183615
13.420752635506762,80.4855997752502,0.25000000030529385,4.246692908778998,0.3750162893993002,0.002186580807232335,0.5432667990870458,0.10139869498880368
13.425675251766073,80.73534136870647,0.250000009609178,4.2465725178080795,0.3750150389403166,0.0021843924366246265,0.5401921605489735,0.10223067101326438
13.415851850587593,81.40687702846266,0.25000000140151746,4.247448581110558,0.3750147409167285,0.0021915796787236176,0.5327299608089612,0.10057135776669653
13.420867046423787,81.35348046810886,0.25000000027281066,4.247222417621843,0.3750143543725978,0.0021890663002618323,0.5331611137793061,0.10142392623784822
13.415886973937551,81.1116024683312,0.25000000003684253,4.246330441717826,0.37501371005380335,0.0021839618024813885,0.5361809883353332,0.10057527161627487
13.425897724744324,80.99929887400529,0.25000000002357,4.246191808648257,0.37501344359275907,0.0021812257124300466,0.5371109540050105,0.10226981688499452
13.425441180680005,81.20318163048596,0.2500000142814201,4.246423025707057,0.37501322689017696,0.0021826764477562606,0.5347457094482447,0.1021945508153395
13.420554430894486,81.57537761408629,0.250000000715506,4.246831257210363,0.37501293703127775,0.0021860077795436052,0.5305658783099293,0.10137259134362138
13.421524014521239,81.49784809998413,0.25000000322602844,4.246684289790787,0.37501289547359973,0.002184875729705576,0.5314401922386445,0.10153618305652796
13.414427043320364,81.62231507006842,0.250000002841853,4.246723641817148,0.37501277520826665,0.002186343176864038,0.5302550301582092,0.10032930531331996
13.415448205905065,81.96661330724957,0.25000000271691886,4.247252454630433,0.37501249695029804,0.0021894808342399668,0.5261461295639454,0.10050657169879797
13.419550883696983,81.73323842623128,0.25000000035184583,4.246763864429961,0.3750123091805726,0.002185499427889157,0.5287438470985634,0.10120357555124664
13.426996547292017,81.28084372047931,0.25000000143198026,4.245959602039227,0.37501198389708357,0.0021789511294242453,0.5337760130329728,0.10245615242030547
13.420584051116187,82.22584475348592,0.2500000000005269,4.247465580670366,0.37501173247468794,0.002189695932334028,0.52285171436751,0.10138262671679864
13.420315594922219,81.90096648901537,0.25000000007488843,4.2464698581723415,0.37501114344237063,0.002183020331746785,0.5267284440748421,0.10133457630587325
13.420953783679883,82.35532431842863,0.2500000024886802,4.247360817897244,0.37501108265696925,0.0021887131688365776,0.5212876131946584,0.10144630089269653
13.42577618694081,82.44329946779123,0.250000000009566,4.247451559867169,0.3750106573476436,0.0021883546278751204,0.5200327708105259,0.10226039476105436
13.420511967548268,82.03385650469816,0.25000000000143774,4.246456106468563,0.37501064097240017,0.0021827116103719543,0.5251426505622769,0.10136889370276361
13.41031691926825,82.52708503238048,0.2500000002749959,4.247218031562368,0.3750105590009562,0.0021895082596098472,0.519668775989784,0.09963026324886799
13.424891173724959,82.14356912501032,0.25000000251268645,4.246589051822776,0.37501031249030425,0.002182707833147897,0.5236579851081841,0.10210918874398883
13.426996547292017,81.78244094361506,0.25000000012496226,4.2459469557720535,0.37501023390752053,0.0021781787648769606,0.527865565185127,0.10245989661599754
13.427879492417219,82.55913761727706,0.2500001396337827,4.247451559867169,0.37501007789068375,0.002187825799140486,0.5185513644356139,0.10261404726840115
13.420647581043548,82.68369628057944,0.2500000173057565,4.247226306957691,0.3750096770570122,0.002187409649469884,0.5173502925674828,0.10139712668650258
13.415851850587593,82.94066336462937,0.2500000000453882,4.24743934315564,0.375009270540577,0.002189543291688812,0.5144399688916546,0.10058338869788987
13.413891917291805,82.75103932794858,0.25000000000583633,4.246634836824273,0.37500858588820096,0.002184361702876247,0.5168207454611287,0.10024649414371707
13.420953783679883,83.07644014089604,0.2500000024886802,4.247360817897244,0.3750084295601638,0.002187867940895764,0.5125693992426357,0.10145232566048945
13.420961202953116,83.10543070118214,0.2500000003878268,4.247235549305199,0.37500811287837826,0.0021869371262648236,0.512215164697728,0.1014538322771286
13.415150041820075,82.9944968450123,0.25000000002401157,4.246709697232077,0.3750077926436508,0.002184379355440229,0.5138153262865243,0.10046389562802056
13.420542460439956,82.85717934501224,0.25000000020196556,4.2465184351737895,0.37500776856948786,0.0021821525678103085,0.5152547051445093,0.101380767171836
13.420542460439956,83.38060888551016,0.25000000010947926,4.247423371276449,0.3750073970231503,0.002188063972998886,0.5088599536693239,0.1013852896784451
13.421196681096376,83.46870633120173,0.2500000001021694,4.247392894694785,0.3750069793122381,0.0021876323406335454,0.5077463215866174,0.10149689511747587
13.414545552646413,83.23744849487711,0.2500000220529472,4.24657463002378,0.37500662327936807,0.002183253832831624,0.5108757950971434,0.10036253665698469
13.419511877551429,83.61680440799871,0.25000000142946066,4.247405736318014,0.37500650321972473,0.002187885048828973,0.505988950665639,0.10121256645173862
13.420315594922219,83.18167584582928,0.2500000001372917,4.2464698581723415,0.375006462663173,0.002181485625857265,0.5113107083615345,0.10134508960918744
13.42850786815177,83.53506362810846,0.25000001861219445,4.247252622214773,0.37500608685707454,0.002185223725843134,0.5066103185588826,0.10272771782687391
13.43172079630181,83.70471117125643,0.2500000190570962,4.247448130922311,0.3750055139534745,0.0021858766120095535,0.50436748541335,0.10326509446866176
13.420172844069324,83.85380530468245,0.25000000000651496,4.247225177384915,0.37500524739645497,0.0021862351342242493,0.5030147980465713,0.10132688372494505
13.420623423292923,83.98673684327991,0.25000000014297263,4.247199491324264,0.37500465896521773,0.002185841408670094,0.5013341222881031,0.10140450547333288
13.421968876054443,83.81350570125478,0.25000000157018565,4.246593439079194,0.37500419181491496,0.0021814208337210704,0.5034384897684399,0.10163067331662497
13.42549493178391,83.93291872188931,0.25000000034873615,4.246711776772988,0.37500377610721464,0.0021815146435701506,0.5017937823937446,0.10222625693807093
13.420667113278597,84.2353343219447,0.2500000102859499,4.247212397891006,0.37500368428694375,0.0021856971407750165,0.4982087005546818,0.10141424701128025
13.421341289425182,84.05304195152725,0.25000000139866685,4.246611534403778,0.37500330291559375,0.0021814389896791892,0.5004716711849828,0.10152671738130042
13.421341289425182,84.14355930186221,0.2500000014008244,4.246617926715432,0.375002953071783,0.0021814020152608428,0.4993347371046477,0.101527568829532
13.420623423292923,84.41923233680397,0.25000000017268176,4.247199491324264,0.3750029230719396,0.002185451127519315,0.49588528347468785,0.10140860168410441
13.427487223080856,84.3293868436801,0.25000000004269174,4.246787256264805,0.3750022165407564,0.0021813420109687742,0.49671972947650445,0.10256438456841212
13.421684002486066,84.48440423050556,0.25000000025209224,4.246795022672042,0.37500189177536475,0.0021823088752643844,0.49501113580461964,0.10158883467147321
13.420498357647803,84.92447569710875,0.2500000066157861,4.247806958391678,0.3750018304129217,0.0021894018399079675,0.4894363869374603,0.10139237034855318
13.425572311512349,84.85268209579547,0.25000000168759906,4.24743934315564,0.37500128711464537,0.002185915559152631,0.4901338944474687,0.10224822657926637
13.426001731354654,84.60552067009453,0.25000000013935336,4.246662481321165,0.37500094401718526,0.0021804849213503774,0.4932781776610806,0.10231790804573253
13.421850668296052,84.73141001458207,0.2500000003660037,4.246795022672042,0.3750008693495341,0.0021820757102993618,0.49185414219338064,0.10161945508683581
13.419479046643954,85.20164203119482,0.2500000049547273,4.2472546659228385,0.3749998193845024,0.002185432726850965,0.4858995261361163,0.10122220433076427
13.42184092336769,84.7616714118592,0.2500000143901075,4.2461444298595,0.37499946796647465,0.0021773995719678225,0.4914671248747653,0.10161810771848619
13.420953783679883,85.33158425737028,0.2500000015816971,4.247359184009056,0.3749993807716633,0.002185820481198485,0.48414416475397637,0.10147369410893442
13.420216051980793,85.30374355930974,0.2500000022439162,4.247199491324264,0.37499926020010454,0.0021848321995709785,0.4845395880752952,0.10134834303431563
13.41480169720413,85.46916367012881,0.25000000001010386,4.246875916248638,0.3749981534161726,0.0021833872768638753,0.48262231433103553,0.10042742865375523
13.426996547292017,85.02789554618298,0.25000000143198026,4.245957014807852,0.37499774275611597,0.0021749444404596733,0.48781414423080105,0.10248913016049205
13.426617584325331,85.41323878477434,0.2500000047347705,4.2467001313981925,0.37499758631397023,0.0021800506369293406,0.48282729245140477,0.10242955397308211
13.428269953867726,85.09977398252983,0.2500000001241276,4.246036045055908,0.37499753809638015,0.0021752346439483346,0.4868285377658883,0.10270318085472248
13.420213084880977,85.22717699173184,0.2500000021331449,4.245986620913099,0.3749972372825254,0.0021762150687491513,0.4855352899592298,0.1013470556953867
13.427513918773323,85.80650457771937,0.25000000515672705,4.247499014288526,0.3749971983461969,0.002185343813195878,0.4776229957788294,0.10258401842404888
13.41505612259822,86.02766999626425,0.25000000021556285,4.247691058000691,0.374997142363829,0.0021888118154687933,0.4752436549899006,0.10047675418132744
13.41754131673524,85.91860824396255,0.25000000203496586,4.247404028816897,0.37499705804857625,0.002186375614927494,0.4765814623541349,0.10089997686357648
13.42241826833711,85.69515599930878,0.25000000035425657,4.24679510687794,0.37499675345653666,0.0021812897384688064,0.4793170812236791,0.10172529516409493
13.424438356426474,85.58936123699446,0.25000000046360277,4.246594724192859,0.37499674198273286,0.0021795678282504585,0.48061823899892553,0.10206502270236764
13.42112972449546,85.52951073659015,0.25000000025286995,4.246227797959474,0.3749964146100289,0.0021775711069567777,0.4815501996516489,0.10150554729982557
13.419490706480772,86.01404660491741,0.250000001453783,4.2472657739873,0.3749963243010129,0.0021849813769553037,0.4752283480979065,0.10123262671502896
13.417619102127931,85.73552107139113,0.25000004993094227,4.246537392205175,0.3749962528348234,0.0021802801790228982,0.4789984791731967,0.10091132011855442
13.42139350291472,86.11564552946255,0.25000000505375786,4.247392610844252,0.3749960045029559,0.00218548911405073,0.47379210415219797,0.10155638551823207
13.417712019605759,86.29041844467362,0.25000000007899,4.247385552892126,0.3749953717484079,0.002186002284595571,0.47161916181258023,0.1009329733356235
13.421018209990677,86.2485823414911,0.2500000005668521,4.247315323624462,0.3749953008846949,0.0021849324801661986,0.4720336339816371,0.10149423344241157
13.415832237403515,86.37635025132252,0.25000000014503265,4.247367404310653,0.37499502194885803,0.0021861660322825276,0.47054928645148375,0.10061312944501424
13.417724372909449,86.50112593368061,0.25000000000143774,4.247410365471041,0.37499446539518755,0.002186068964105378,0.4687876529521797,0.10093730160166939
13.425542604293657,85.92354727077716,0.25000000144816054,4.246187368900463,0.37499442472366773,0.0021762660561508683,0.47616175260934157,0.10225438807326132
13.417686069998709,86.338975635963,0.2500000003513525,4.246808562657673,0.3749941147787374,0.002181861942276359,0.4709693793631342,0.1009290646978593
13.417724372909449,86.57965679288507,0.2500000001507771,4.24723361943774,0.3749938038489735,0.002184769664738943,0.4677283429384622,0.10093813017030236
13.412831568763838,86.70666471009676,0.25000000002730133,4.247453336433649,0.37499376268305123,0.002187159108540182,0.4662237043650095,0.10010249582403684
13.412630453612019,86.86767388408288,0.25000000000164435,4.247410365550953,0.3749929548712922,0.002186815489946295,0.46404500186175257,0.10006962176068739
13.417428615658299,86.97457238674096,0.2500000115480634,4.247408026530985,0.37499230383097676,0.0021858911955270574,0.46238012204324663,0.10089188164127043
13.420840068644623,86.68040934646969,0.2500000023201884,4.246641264442156,0.3749921307436712,0.002179944804524543,0.4662302592402783,0.10146863461940797
13.412831568763838,86.79718206043174,0.25000000002730133,4.246664738390423,0.37499187887237106,0.0021814850238036296,0.4649951137212436,0.10010343797403834
13.42613664849976,87.15711861427454,0.25000000050835114,4.247267552414668,0.3749908020291539,0.0021832955524516166,0.45951071163220636,0.10236743773632166
13.421385395604931,87.12408861384867,0.2500000003660037,4.246795022672042,0.3749903519076378,0.0021807663091517777,0.46016619600060116,0.10156571163941933
13.420561487409255,87.48455641762953,0.25000000003975725,4.247424126991912,0.3749898139766631,0.002185270258556492,0.4552436385780545,0.10142985538659079
13.417418747765344,87.57530031061319,0.25000000033882536,4.247591561101321,0.3749897950979132,0.002186987582508178,0.45412096276649483,0.10089642239540918
13.419739329583038,87.40805404270257,0.25000000010824586,4.246947631193527,0.37498936942505845,0.0021820444565762882,0.4563343055723075,0.10128954094819509
13.427206882422537,87.04701756371368,0.25000000041816745,4.246238362480415,0.3749893489934353,0.0021758249257422223,0.4609706040730981,0.10254588696375627
13.417718664150641,87.61524170717219,0.2500000002771277,4.24741784484921,0.3749893010086708,0.0021856857140147147,0.4535549312361684,0.10094794800319723
13.42098960603624,87.30582218610952,0.25000000634333774,4.246118087099773,0.374988157428922,0.0021759476384479596,0.45768918239046275,0.10150057093805571
13.426864512993106,87.23204133313733,0.250000002277187,4.246021271409464,0.3749880520309247,0.0021742748028565047,0.45845274014748205,0.10249043429632487
13.417653838345275,87.79955406877156,0.25000002187113374,4.247194676011213,0.3749880248643829,0.0021840571646270395,0.4509973078086553,0.10093877942099218
13.421047087966098,87.88708555633667,0.2500000000106006,4.247326756962035,0.37498769908342844,0.002184384134564435,0.44963717243548795,0.10151631639188634
13.419726693649265,87.72711533328761,0.2500000078101574,4.246864162203544,0.37498769134646776,0.002181359951399863,0.45191830722975346,0.10129068394859284
13.425614151939799,87.93765994444412,0.250000000004845,4.24730575582474,0.37498718257061103,0.002183437622586103,0.4487436172861956,0.1022878075450178
13.419361727561684,88.10752487355654,0.25000000020360275,4.247273401848282,0.37498660922737703,0.002184250196453778,0.4466258573092581,0.10123254026108067
13.422877742776885,88.23578965467244,0.2500000010983986,4.247301070167123,0.3749858675149766,0.0021838168234012607,0.44468398521913644,0.10182961610782233
13.418888911368573,88.29967070327488,0.2500000015807352,4.2472621034737585,0.37498566600737426,0.002184217710444474,0.4439477785134982,0.10115407778775594
13.418416360304736,88.5457113956203,0.2500000001012784,4.24720822121837,0.3749843704953689,0.0021838822903139437,0.4404975425719213,0.10107610874712104
13.42107645315803,88.34893474484504,0.2500000005584697,4.2466396064691425,0.3749841776339002,0.002179405328181376,0.4431663735080882,0.10152596179697816
13.419850517744786,88.63642351886367,0.2500000039716381,4.247340428633619,0.37498409111600123,0.002184564559321906,0.4391576162443438,0.10132084859081705
13.4144085354135,88.760261005372,0.25000003011489014,4.247581603311642,0.37498408191720195,0.0021872133570377417,0.43761660542437264,0.10039367408761005
13.415697062293226,88.70016038171535,0.25000000602527844,4.247253050042974,0.3749837735380578,0.00218465723073304,0.4384187019425463,0.10061366777377873
13.420647215669817,88.47052419043713,0.25000000002703227,4.246664296222897,0.3749836402665479,0.0021796388435172155,0.4414702670646298,0.10145440818557003
13.41333421735112,88.91787267921504,0.2500000002472511,4.247526570944377,0.37498323167945674,0.002186998670773401,0.4354172361731907,0.10021091968014341
13.41679919990651,88.8603495953759,0.2500000001012784,4.2472148244352095,0.3749828631398946,0.0021841810977298822,0.4361008221891485,0.10080352548158296
13.424398529022271,88.99209904835811,0.2500000001392607,4.247420584496938,0.37498221176821367,0.0021843363570210293,0.43393252990910725,0.10209383463844136
13.415867250285302,89.08334346896324,0.2500000000059704,4.246772376277983,0.3749809263860181,0.0021811871898580336,0.4329601659832638,0.10064648146705528
13.418001239354624,89.30424494548103,0.2500000014084462,4.247385552892126,0.37498085771048595,0.002185176746519527,0.4297213703163545,0.10101283664615979
13.415867250285302,89.42412988628884,0.2500000000147512,4.247449368059607,0.37498042848221813,0.002186000734291206,0.4280834796142825,0.10064978098932836
13.419365852014755,89.47992927415142,0.25000000001599065,4.2476080741495315,0.3749802712477184,0.002186528194441281,0.4271526184572787,0.10124679123045875
13.42509796966564,89.17950155451523,0.25000000001010386,4.246875916248638,0.3749802585742585,0.0021803549142456187,0.4312357203551602,0.10221352799364711
13.41437690982467,89.11161661823999,0.25000000013560586,4.246024887295433,0.37497924885632394,0.0021761261977345106,0.4326136355437771,0.10039163853216065
13.424891173724959,89.5494297404078,0.25000000024868463,4.247229046383051,0.3749789924681054,0.0021829125425170686,0.425951287141618,0.10218241647187117
13.42098960603624,89.61701016609547,0.2500000096944422,4.24727166615741,0.3749789091383192,0.002183875542829667,0.4251246257055299,0.101523803050051
13.421056496120038,89.70202532455299,0.2500000024886802,4.247360817897244,0.3749786184721058,0.002184504327665262,0.423900103677344,0.10153598910348363
13.41437690982467,89.31297691164846,0.25000000012334844,4.246029857673192,0.37497822432809763,0.0021761637838581785,0.4297330168824445,0.1003935762044005
13.419739329583038,89.7159669934824,0.25000000060239613,4.246947072422537,0.3749778563143394,0.002181793905313357,0.4237475191195259,0.10131259443160058
13.425575351779907,89.80620559083472,0.25000000487630825,4.2472546659228385,0.37497765365808516,0.0021830077161052778,0.42223783249913316,0.1023001849706636
13.427264546456076,89.86005233352053,0.25000000014707247,4.24729336542928,0.3749773370253775,0.002183009897950509,0.4214024062956938,0.10258451966436
13.419365852014755,89.94279397449986,0.2500000000022179,4.247194172574584,0.37497713134710525,0.002183637611624675,0.42049270297513397,0.101251385128201
13.415729092856937,90.08439450737714,0.25000000172381875,4.247412879079281,0.3749769046398153,0.0021858282325184233,0.4185764667781362,0.10063263811881085
13.419479046643954,90.18673658983721,0.25000000005318995,4.247381258828094,0.37497616050664434,0.0021849842697698758,0.41696466834674895,0.10127309700142487
13.413086150963696,89.96847529363654,0.250000000709349,4.2465849126548925,0.37497600903198997,0.002180386730155621,0.4203461536191646,0.10017844853846122
13.419901323819664,90.27281865721716,0.25000000426714064,4.247566658709619,0.37497599655565406,0.002186242677199682,0.41570448427566187,0.10134573710988884
13.42031765741295,90.34907482510928,0.25000000478883583,4.247303230339557,0.37497511578572595,0.0021843230312268607,0.41458608118196794,0.10141722481869783
13.420657387757903,90.39498231819243,0.25000000163588276,4.247278225953512,0.3749748098900873,0.002184099294863534,0.413909485088227,0.10147535781079305
13.424945178334092,90.16552611901201,0.25000000259282984,4.24668097235156,0.37497473263662046,0.0021791092583746366,0.4170804466416762,0.10219780005962295
13.41950926128152,90.45196513813481,0.2500000022321971,4.247275878631936,0.374974547947631,0.0021842881758954544,0.41312287595917496,0.10128097544625805
13.419479046643954,90.51696385377633,0.25000000492322677,4.2472546659228385,0.3749741590677494,0.0021841586086262165,0.4121813575753388,0.10127652250206338
13.413731354195487,90.62524004469807,0.25000000190293553,4.247245214483732,0.37497375315516357,0.0021850911249347723,0.4108028496631746,0.10029587411749132
13.417961895725012,90.68506494685991,0.2500000012012106,4.2472848084483354,0.3749733604650559,0.002184670503443355,0.4097920978161278,0.10102006445432411
13.421112704947822,90.831441262516,0.2500000024915245,4.247350782747106,0.3749725417303776,0.0021846532972974193,0.4075614114073127,0.10155726371502827
13.419850517744786,90.87441536130234,0.2500000039716381,4.247340428633619,0.37497234424567666,0.0021848033071948892,0.4069780934066958,0.10134351236966485
13.420396117349911,90.96413896886249,0.2500000002710266,4.247640426392632,0.3749723375937544,0.002186862574809898,0.40565578395674917,0.10143717187365782
13.417679496606187,90.93882122349376,0.25000000041902626,4.24737073250414,0.37497213277884983,0.002185401161068532,0.4061120120880235,0.10097468498368
13.42117389145213,90.76464439444344,0.2500000003730955,4.246761216869181,0.3749718191635366,0.002180450955202929,0.4085297453513228,0.10156690282674453
13.413887788237048,91.09766193188604,0.25000000008536416,4.247244756287624,0.374971152464628,0.0021852009847427517,0.40392106358874,0.10032783635913133
13.41280658822946,91.01683691936604,0.2500000000822067,4.246612357647852,0.37497038916340003,0.0021808758397101474,0.40513364360736426,0.10014123666608342
13.420596596826702,91.12464043480527,0.2500000001078856,4.246840464294437,0.37497000942207154,0.002181227657116055,0.4033144273636764,0.10147302681532007
13.412915673323926,91.29361306024201,0.2500000019455189,4.247198634395365,0.37497000073504544,0.002185108945107931,0.40109465123458055,0.10016312081628227
13.419739329583038,91.20655596932149,0.2500000023347765,4.246947631193527,0.37496979242375506,0.0021821576719068744,0.4021491509401405,0.10132839107882345
13.417679496606187,91.37814885305836,0.2500000030624856,4.24737073250414,0.37496968941327935,0.0021855583481142664,0.3997137454848758,0.10097974495058137
13.417387175888923,91.44945296162318,0.25000000048083404,4.247482940284798,0.3749694975772091,0.0021864291674786773,0.39868337836554213,0.10093074120945163
13.417611500365076,91.5306082253629,0.2500000024000535,4.24737073250414,0.37496883440683265,0.002185632504430007,0.39749334732383135,0.100970006498526
13.425891504547593,91.27393787088185,0.2500000025885565,4.2466990293660976,0.37496865353054837,0.0021794230502200623,0.40097595009751186,0.10236938721188141
13.420449639144897,91.63270500279077,0.25000000622990537,4.247465350596023,0.3749683015199942,0.00218587578271886,0.3959194176280547,0.10145424589071365
13.418383126492277,91.73269272705996,0.25000000070978123,4.247458381017758,0.37496781328374423,0.0021862135715322367,0.3945236508192822,0.10110410426347431
13.417387175888923,91.93848492573385,0.25000005253004154,4.247465546398903,0.37496667937322087,0.002186527475792038,0.3915519360744877,0.10093704355047327
13.421193304683623,91.8829490612355,0.2500000005468107,4.247300714606819,0.3749665559849797,0.0021847106589137776,0.3922508325714329,0.10158372402142007
13.417539286699808,91.55736196111391,0.2500000008322171,4.246161189711687,0.37496629116067026,0.0021771017159700396,0.39710546067475594,0.10095802091594194
13.41725400707312,92.11226309053119,0.25000001683996065,4.247729913074863,0.3749661432668744,0.0021885050428066015,0.3890215550912526,0.10091675084834638
13.425794354349756,91.80203887906848,0.25000000048083404,4.246702354358623,0.37496568002699754,0.0021797040085961713,0.39329462907620205,0.10235978109024962
13.422741268880971,92.0540492673405,0.250000000400192,4.247250719346813,0.3749654096969474,0.0021841948987163413,0.3897136787644422,0.1018482622305427
13.420482762972586,92.1774214665287,0.25000000088452845,4.247436572179472,0.3749651323431338,0.0021859398866977005,0.3879805756132466,0.10146734471379261
13.399336449206897,92.42018520258041,0.25000001683996065,4.24774289914658,0.374964705327778,0.0021918205781490605,0.3850259430168401,0.097817581628198
13.41957468955804,92.25270737984535,0.250000000893446,4.247305137156421,0.3749645050823854,0.0021852031160278403,0.38690917028273875,0.10131417961725646
13.423892064657677,92.30787068407969,0.2500000014264469,4.247326756962035,0.37496401377358785,0.0021846874622258243,0.38598611878157696,0.10204650277146997
13.42058695939282,92.51399422378347,0.25000000232989106,4.247817485589359,0.37496380322683387,0.002188802020265616,0.38307654690898074,0.10149027838270976
13.41811424464612,92.54962680585734,0.25000000001656025,4.247476295193481,0.37496313537725456,0.002186823739496093,0.38262443690746917,0.10107022323595757
13.425999001963635,92.35645305203278,0.25000000013935336,4.246692541262149,0.3749624491503755,0.0021799114094136554,0.3852213778057876,0.10240231587184691
13.420968002361585,92.64240405716562,0.25000001877859646,4.247332581728426,0.37496220877720043,0.0021854042779930463,0.3811980983762935,0.1015571052228549
13.420533429265978,92.40800722716867,0.25000000021943974,4.246583149890782,0.3749621847748947,0.002180044854158019,0.3846208212880806,0.10147947814284139
13.41800205308335,92.75277609871806,0.25000000158022134,4.247196385719654,0.3749614404488646,0.002184997386296695,0.37967084158655795,0.10105457665976568
13.42024277537319,92.59386507836571,0.25000000158570923,4.246592689491802,0.3749611246302154,0.0021802748336559553,0.3819235037481137,0.10143316206873687
13.418001239354624,92.9289210982303,0.2500000016175653,4.247385552892126,0.3749607375933211,0.00218644837403172,0.3771097983731262,0.10105766771469632
13.417999195372765,92.98804505067457,0.2500000016175653,4.247455489096348,0.3749605089254062,0.002186982007716988,0.37625082518508624,0.10105845165916819
13.413538464965598,93.0348510975202,0.2500000006207645,4.247494446928473,0.3749604542039282,0.0021880207901113983,0.3756837763150227,0.10029591736095693
13.417387175888923,93.08255564001036,0.25000005253004154,4.247461822186103,0.374959968617868,0.0021871918241185575,0.3748937283338505,0.10095590416978957
13.426395251637913,92.81685673243376,0.250000001171596,4.246736205069842,0.3749598017517688,0.002180456246913712,0.37852143821390083,0.102476831104637
13.417055645369524,93.33054060414271,0.2500000002765181,4.247326756962035,0.37495825935282157,0.0021864769506976006,0.37130458984012726,0.10090451954813634
13.416977889716286,93.33890842871499,0.25000001862132104,4.247332581728426,0.37495821829848475,0.0021865366612250276,0.3711852158122615,0.10089142469637935
13.424884695173713,93.20131754637565,0.25000000000656164,4.246804441307977,0.37495771553854745,0.0021814530525539663,0.3729855730005034,0.10223016938766219
13.416194338317112,93.47370971542509,0.250000028581743,4.247440821391441,0.37495762214030326,0.002187529195547804,0.36925153761916163,0.1007605657385351
13.415447481617194,93.51631380069023,0.2500000008900217,4.247318036239713,0.37495717294811326,0.002186820148189038,0.36865255476804926,0.10063374502925033
13.421292877557992,93.61251361959037,0.25000000084261653,4.247365035984489,0.3749564347276571,0.0021862867529337535,0.36712467554772577,0.10163233327973717
13.41414750772621,93.7439712676558,0.2500000028036513,4.247422612567756,0.374956013187322,0.0021879511928516383,0.36539107110474145,0.1004165570600021
13.425850292929466,93.44374833382307,0.2500000001288769,4.246647247915041,0.3749558924252615,0.002180386890492485,0.3694554794088356,0.10239823113326903
13.414778899451987,93.77447663653423,0.25000000009554946,4.247455666766332,0.374955866138037,0.0021881060804403423,0.3649360829932724,0.10052567321604396
13.416170825837105,93.84806180148378,0.25000000003031253,4.247478569614393,0.3749554067813124,0.0021881028528778325,0.3638426776919912,0.10076604077776963
13.415867250285302,93.98005546144488,0.2500000000136296,4.24747964431127,0.37495460495894445,0.0021882727151554563,0.3619472997088762,0.10071782200380318
13.427673140546284,93.69782334323459,0.2500000001909136,4.2466006214351255,0.3749541483367929,0.002179989212133882,0.36574725262898,0.10271083874089627
13.416302792483425,93.90320266661514,0.250000003151787,4.246658787669972,0.3749534948221827,0.0021823623066008135,0.3630447618190258,0.1007901444217434
13.03555841845832,94.29938102136627,0.25,4.256963155809176,0.3748176652288527,0.002371906541325297,0.3668093517132349,0.025174893693648392
13.03439779158211,94.78000992045462,0.25,4.262223052540554,0.37481428191215826,0.0024079798176678906,0.35962706131826905,0.02500940496536559
13.03634891714867,95.14272617479686,0.25,4.255159741644197,0.3748105042679678,0.0023589462282727603,0.3541798443998865,0.025246211902556714
13.034135787519077,95.73304238938462,0.25,4.25926983970052,0.37480926077225085,0.002388491361736382,0.34558326477576085,0.025121080798361752
13.035136182152895,95.07111231780281,0.25,4.254456948151001,0.3748085668723205,0.0023545399516818623,0.35527549739011133,0.0251019671001423
13.035134465258029,95.14624616824725,0.25,4.254512106799179,0.3748082133265444,0.0023549416987031146,0.35416331222807407,0.025109332915287497
13.035867006243777,94.8705984929919,0.25000000000000006,4.2532694912131985,0.3748076770139207,0.002345723800410714,0.35823308161494727,0.02517358020673308
13.03597836811715,94.97630086321796,0.25,4.253295005698588,0.37480718083178083,0.0023458668342566068,0.3566575056998236,0.02519009708852327
13.034418308221323,94.4094934473501,0.25,4.25236094821349,0.3748068308438058,0.002339858898194627,0.36518268888746075,0.025035539640768194
13.03671133620678,95.2894625627413,0.25,4.25349127074292,0.37480633034370153,0.002346974270626598,0.3520032907269861,0.025307798783301232
13.036483705474835,95.01294092638712,0.25,4.252849929012449,0.3748062211568681,0.002342452184628039,0.3560987076041544,0.025250116387472224
13.033557188610915,94.60815210417623,0.25,4.2522048051285655,0.3748044328210263,0.0023391544801015718,0.3622229420202665,0.024924829320741793
13.032768195738184,94.67198731772982,0.25,4.252553824048504,0.3748043701936292,0.002342040349154797,0.3612899037787145,0.024837549494284544
13.0366775107869,97.06754300888956,0.25000000000000006,4.260059556455337,0.37480275920996287,0.0023930037959249526,0.3264462659073868,0.025895571542881135
13.034909621219638,95.64374220680561,0.25000000000000006,4.253445377297296,0.3748024732069516,0.0023475697711011546,0.34686185331864494,0.025180661928786378
13.037348841767955,95.47813783692072,0.25,4.252147800820411,0.37480206246899417,0.0023371042160376743,0.34921224504512516,0.025417295764541173
13.034346770403245,95.5604054797481,0.25,4.2530281877728155,0.3748014610420459,0.0023448372716560213,0.34809562048608456,0.0250978101012256
13.035405678450513,96.47061123756579,0.25,4.2552422453131005,0.3748014276859063,0.0023603072383323936,0.33492135247785204,0.025516132202922287
13.035313459874343,95.96145293386898,0.25,4.253017389387074,0.3747996924244392,0.0023444198729291833,0.34223499491370934,0.02532051360354969
13.038500317434707,96.26108946746145,0.25000000000000006,4.2526219614754845,0.37479936740883296,0.002340215198809662,0.3378266655449951,0.025788256592021424
13.03604462745596,95.79899319268533,0.25,4.25229811766858,0.37479936102582534,0.002338881272878763,0.34456838411805424,0.0253508644312827
13.039113221358521,96.87390911541146,0.25,4.253950941686994,0.37479921522918835,0.0023496547407458874,0.3290962632938712,0.02609601618162587
13.037888670360081,96.82894345886984,0.25,4.253798893061506,0.374798146077969,0.0023491232368627866,0.32976616670624415,0.02593593373015785
13.037298022841217,97.45604208350514,0.25,4.263642525130236,0.37479775786448716,0.0024162773649022934,0.3210139528888647,0.026124098343954016
13.03468721384773,95.91955606479986,0.25,4.252274691034219,0.3747973722371509,0.0023393870592808823,0.3428596077079267,0.025238147658115523
13.037055072923154,96.35101961102326,0.25,4.252535736217118,0.3747973306701653,0.002340306581586278,0.33658082309815374,0.025654322505378857
13.03523849390903,95.37083542106353,0.25,4.250883223854843,0.3747969384019358,0.0023289549996968594,0.35084888364903133,0.025154900333628154
13.036661432280019,96.12922460388212,0.25,4.25192364694367,0.37479665153100133,0.0023360178651285644,0.3397749387689415,0.025528692823850046
13.039322785244437,96.65436100424421,0.25000000000000006,4.252099497364607,0.3747959935536003,0.002336263858412685,0.33219403117376256,0.026034182347787534
13.038441354161742,96.76422716209173,0.25,4.252408565731003,0.3747954276665028,0.00233893716043283,0.330664082325711,0.025973949662693646
13.036942720766744,96.42698635455766,0.25,4.2518225156964595,0.3747946466683322,0.002335280336382502,0.3354986124702053,0.025670362749784903
13.038067274654843,97.23718918526029,0.25,4.253368533833251,0.37479454042799026,0.0023461979877256694,0.3240338158232323,0.02612126094495094
13.035038851873363,96.04378210654097,0.25,4.251505799764981,0.37479452718936157,0.0023337422146939304,0.3410537874465853,0.025318147453058038
13.038713477532044,96.73050399198306,0.25,4.251767888403302,0.3747939801840456,0.0023342053236665096,0.33113312446028553,0.02599232121909787
13.040042818125416,97.39796131140503,0.25,4.2529289394132554,0.37479397197069414,0.0023422535565056765,0.32173910816428286,0.02641672605125423
13.040079167245967,97.66291126651898,0.25,4.253499536694587,0.3747936661929136,0.0023464535346421553,0.31807443016455483,0.026530043109070898
13.037115580066118,96.57204059877735,0.25,4.251522431980824,0.37479290675712873,0.0023331093778943424,0.333427341836914,0.025746079957053213
13.03894589477971,96.93064501647882,0.25,4.2516943740191175,0.3747926237404572,0.0023336726275015158,0.32830221361983547,0.026099034552637058
13.037740202457277,97.32209567798424,0.25,4.252708647135864,0.3747919661938746,0.002341703327058282,0.3228607552484031,0.026118751883497656
13.033642097585565,95.44313313835902,0.25,4.24993064425653,0.3747916996704102,0.002322827845731718,0.3498339765528762,0.024994878385738252
13.038994279467461,97.66629349029591,0.25,4.252853452474585,0.37479108364353897,0.0023423672161082777,0.3180595964001107,0.026404552496821932
13.040383238470042,97.890020281626,0.25000000000000006,4.252175341710559,0.37478881102986755,0.002337045694483111,0.3149477762365871,0.026662236205870625
13.040507321040675,98.12054753280545,0.25000000000000006,4.252636041784646,0.3747886431279934,0.0023404395158995533,0.3118007923376114,0.02677900492165044
13.04057318069195,97.99677645688661,0.25,4.252300324678584,0.37478860098684585,0.002337926669136932,0.31348387473150074,0.026731355249384477
13.038982139837566,97.58321777384616,0.25,4.251482475165437,0.37478760728750404,0.0023325242057132605,0.3192055069386699,0.02636851992171743
13.042479627579985,99.91914457596347,0.25,4.257600148368346,0.37478664720403143,0.0023757153156787713,0.2879569228010834,0.028315028753244004
13.036961238369773,97.1713431847892,0.25,4.2508036475536475,0.3747864237592136,0.0023283259093134947,0.32498540899434425,0.025969516161865325
13.040882323433241,98.53114261145859,0.25,4.2525664092179,0.3747859135652772,0.002340092603387976,0.3062443689713683,0.027024264638044596
13.040883004619522,98.25489773551027,0.25,4.251893165640374,0.3747858741856255,0.002335072202024343,0.3099677787667272,0.026886142371379408
13.04027550401188,98.3647084662907,0.25,4.252121241960733,0.374785288334941,0.002337065532179132,0.3085017635664642,0.026867346730342558
13.040078087875091,97.81750424411307,0.25,4.250948660136221,0.374785182846461,0.0023283479470088742,0.31594993729760534,0.026595038624194572
13.04182117636972,98.95498643465169,0.25,4.25292500460757,0.3747846902938588,0.0023425730917871674,0.3005639875751487,0.027385792092294036
13.040415864104142,98.59867069976158,0.25,4.252009334352918,0.37478344087472476,0.002336394546148835,0.30535253600900436,0.027005383041707416
13.042119521526079,99.24170343430835,0.25,4.253031206147458,0.3747831806553098,0.0023434533116416293,0.29677244719471774,0.02762616696253614
13.043773284607788,99.66133522138414,0.25,4.253654299544964,0.3747830840366997,0.0023475139401340477,0.29124789377684057,0.028196251914992844
13.040763732263205,98.82298851391687,0.25,4.252300408885573,0.37478301251943913,0.0023385022857659804,0.30234765012272025,0.027176017846466487
13.041226124924231,98.71727934745167,0.25000000000000006,4.251695356966527,0.37478232716391063,0.0023338841343644792,0.30374281367014144,0.02716813720395068
13.042006238551863,99.3143554818774,0.25,4.252884539624425,0.37478218039870276,0.0023425355943875632,0.29582251078735977,0.02767007461431009
13.039737240297598,98.28869559832984,0.25,4.251092367316579,0.3747821311729912,0.0023298930264977744,0.3095441289376901,0.02676718237690708
13.041585865699286,99.4241591156431,0.25,4.252778588570455,0.37478076128969035,0.0023420831875917156,0.29439817024578074,0.02771179751144114
13.040827790173134,99.16070323785365,0.25,4.2519117015710135,0.37477952187113384,0.002336013713658099,0.2978755806693594,0.02741084943491178
13.043629195212496,99.85810371073474,0.25,4.25246253301615,0.3747784390708203,0.0023393620131638942,0.2887090631856899,0.02838466305282387
13.039825042063272,99.1011771694683,0.25,4.251679451671187,0.3747783918554069,0.002334760010454225,0.2986895805174936,0.027250444266967107
13.038663299038577,98.0309712781373,0.25,4.249784272594618,0.3747783411650165,0.0023207753608561706,0.31307369199677537,0.026523767026221928
13.040334724972418,99.41426445662646,0.25000000000000006,4.251707819227222,0.3747766703061885,0.002335033304343544,0.2945641032064752,0.027556246416859526
13.042428198122813,100.1568235256707,0.25,4.252653592364077,0.37477580092069673,0.002341588190352177,0.28491425133906323,0.028598929590056575
13.042815093069066,101.00040403924649,0.25000000000000006,4.255223317389025,0.3747757384820191,0.0023604175995176244,0.27430287556034094,0.029907894318016673
13.040198362223382,98.4070992317213,0.25,4.24941120522459,0.3747755996495894,0.0023176823627710725,0.30793253095598283,0.026879422220607043
13.041330933807819,99.80004669198478,0.25,4.251931202733216,0.37477540271165993,0.0023365693159738787,0.2895248085255382,0.02804669997032116
13.041072936590252,99.6507832924716,0.25,4.251565816160401,0.37477513793283146,0.002333926671021222,0.2914636016175689,0.02786172208400382
13.041545172690247,99.55960059630397,0.25,4.251170623362778,0.37477491439384214,0.0023307957032286516,0.2926340296268186,0.027829199016125912
13.03988050277936,98.91602815241966,0.25,4.250190235464014,0.3747747033686892,0.0023238947013487356,0.30113743153985695,0.027130969846587208
13.042166207847984,100.02327121482232,0.25,4.251987842772253,0.37477464194197907,0.0023368361770737364,0.2866294691840079,0.02840085459488842
13.039998512996448,99.06369899183655,0.25000000000000006,4.250407497974331,0.37477454090905515,0.0023255410297827266,0.2991791947918798,0.027243958259515953
13.0440420437049,98.40769410629996,0.25,4.248159094611133,0.3747736953449449,0.002306869244120215,0.3078122717747207,0.027348255740511383
13.042518975733081,100.22450302490284,0.25,4.252053727801622,0.37477365665136714,0.002337371969034876,0.2840491975020567,0.028698282755805063
13.041761332490031,100.04755954187732,0.25,4.251510018315144,0.37477264953013134,0.002333647626526689,0.28633016239929066,0.0283830512973151
13.050402259478561,100.24625742539058,0.25,4.249513313807312,0.3747713494906264,0.0023157073858739454,0.2835452851129856,0.029715964950152524
13.042222934691042,100.47806981916766,0.25,4.251932019061136,0.3747711741999433,0.002336940059097049,0.2808446207272106,0.029018901864511327
13.043130800095065,100.63168405156418,0.25,4.251533500447742,0.3747695525754567,0.0023338852196613173,0.2788860030111344,0.02935387335026079
13.040303172452125,99.87624257404231,0.25,4.250409717036163,0.37476895622029677,0.0023262601166326334,0.2885725807364339,0.028012136988478636
13.04170984657117,100.4089145414578,0.25,4.251053964956283,0.37476845926508384,0.0023308417077121256,0.28173299525604967,0.02885973397974213
13.043672689911235,100.92711631240142,0.25,4.251628502214283,0.3747680927032406,0.00233468983819815,0.2751857218000484,0.029884256986358326
13.04349448499261,100.67807784829783,0.25,4.250992616028651,0.37476774381480843,0.0023299280056034537,0.27829410108591546,0.02946737030005526
13.043323458616362,100.76334078787217,0.25,4.2509309170274365,0.3747667566470756,0.0023296735452605897,0.2772331618138517,0.029580966823103655
13.044160036705335,101.12249227695129,0.25,4.251352574389871,0.37476614767349925,0.002332767107564725,0.2727588797754157,0.030263238699283
13.045819077422502,101.67375981997495,0.25,4.252158705790349,0.37476580401140613,0.0023384976206629665,0.2660135038390763,0.03138861230966272
13.045634511005934,101.55221733025455,0.25,4.251891291159663,0.3747657858991089,0.0023365166231957284,0.267481066935517,0.031160364203612158
13.045026364289626,101.46206250319946,0.25,4.2515151816691095,0.37476480777373017,0.0023339971578820247,0.2685883305004859,0.03093768644293653
13.042001663854434,100.58991689780679,0.25,4.250279871056333,0.37476466321793306,0.0023254034967245666,0.27944294751721954,0.029160780066819682
13.045223042882574,101.56349356138263,0.25,4.251575660370231,0.37476438652975474,0.0023344807616789086,0.26735660680959317,0.031133377712423704
13.044767196402846,101.36450718568686,0.25,4.251010258143178,0.3747636905347725,0.002330390360111241,0.2697803740129654,0.030741789013251395
13.044558421768274,101.27186236299367,0.25,4.250757077477253,0.3747633612096184,0.0023285535511224542,0.2709161839691294,0.03056050101409484
13.051142479020541,102.82310225003887,0.25,4.252486013751012,0.3747621067904143,0.0023402090985435897,0.2524872012776189,0.03380129508113185
13.043824639159201,101.23154038718764,0.25,4.250062998683972,0.37476057919446953,0.002323876190136177,0.2714302456696731,0.030409424397425458
13.046022192141244,101.97950335382926,0.25,4.251061279573727,0.37476018071191447,0.0023310825542005734,0.26236720577066075,0.03192824006624599
13.041674917375957,102.31056073227744,0.25,4.253081581383876,0.37476003953200526,0.002347790133737143,0.25860977235264526,0.03202100596211577
13.050539953779868,103.37729668705927,0.25,4.2535256976283,0.3747599054495757,0.0023486843585695193,0.24636966063322552,0.03442533397145257
13.046300298272755,102.1374897729418,0.25,4.251259547993525,0.37475983747671165,0.0023326052619505023,0.2605003448685741,0.032220337345496404
13.040970678419221,102.19374962182377,0.25,4.252822237899335,0.37475967495994955,0.002346110510491754,0.25999035931667347,0.03175915787461001
13.051288774879293,103.09679064354445,0.25,4.252325740146267,0.37475959826056054,0.0023394759813405337,0.2494267149053313,0.03417760034905817
13.045578871462034,101.84334007784302,0.25,4.2505503961003726,0.3747591183941564,0.002327444779242926,0.2639940916200456,0.03165019723020406
13.04412445810473,100.97875219870085,0.25000000000000006,4.248680582738835,0.37475730630235343,0.002313489147687722,0.2745331999761109,0.030020556301184498
13.050925301082188,103.02790605353499,0.25,4.251357717423474,0.3747569289854504,0.002332695806841627,0.25020066657117024,0.034049619180606186
13.046834431168493,102.46872868884293,0.25000000000000006,4.251025043686684,0.37475691761527147,0.0023312244872146968,0.25663873214880994,0.03280611757707943
13.046598251083122,102.29890651764873,0.25,4.250476443430325,0.37475616659906213,0.002327164129811092,0.25860869796528374,0.03251398580908368
13.051456667049182,103.4649871853619,0.25,4.25189776151489,0.3747555304209256,0.00233703282391049,0.24539576588782896,0.03462058831417662
13.042844822755738,102.78990856446829,0.25,4.252192138040734,0.3747547647864836,0.002341769740103362,0.2530863804898753,0.0328749908758515
13.051040085466306,103.75773030611431,0.25,4.2525119665691475,0.37475460265066785,0.0023420543908247078,0.2422782242316761,0.03485755467348129
13.0470936104845,102.69065218091377,0.25,4.250738853036243,0.3747544146530285,0.0023294408461287386,0.2540944370600402,0.033167117495639026
13.050242410810522,103.29278264767937,0.25,4.251356413142915,0.37475425231579274,0.0023334457239538504,0.24729845000383732,0.03429741729509569
13.050243092505484,102.60786656813688,0.25,4.249727089406492,0.37475401086834553,0.002320715668993719,0.2549517478339274,0.03339284397007209
13.05155059817969,103.56633295608452,0.25,4.25161525099312,0.3747539261776861,0.0023351841337192823,0.2443028371416489,0.03473445603091991
13.051360286206377,103.63092161549375,0.25,4.251757740377746,0.37475368851047214,0.002336387635229518,0.2436169194847213,0.03477636437617165
13.05045986453338,103.1172229842386,0.25,4.250311041072918,0.3747522929083197,0.0023256419298037967,0.24922260691082476,0.03411082817786936
13.046932121513272,102.50449830976433,0.25,4.24912489996739,0.3747497342938859,0.002317716384854808,0.25622489387859027,0.03287158359509374
13.050146584200744,104.22344684574045,0.25,4.252293995536944,0.37474946244075547,0.0023417868131810826,0.23746414441089603,0.03510112398154676
13.050346360175437,103.9097347632445,0.25,4.250977598602628,0.3747481058772835,0.0023318481435277566,0.24069817200481158,0.034909074603656554
13.050854142447202,104.12736114506068,0.25,4.251228386455545,0.3747475647420253,0.0023338075776753496,0.2384295302384174,0.03511809707623255
13.046215355939376,102.0577193766278,0.25,4.24785432010585,0.3747472516997927,0.0023082160184324458,0.2614394954867312,0.03207961659284232
13.04964382741782,104.14554165357967,0.25,4.25135716011209,0.3747468474526602,0.0023352796876861003,0.23827394267422242,0.03500129772890132
13.050074127538572,103.97909454636945,0.25,4.250799081466159,0.37474671520581987,0.0023308382287659797,0.23998214281128671,0.034932857596026934
13.050072144805384,104.03687545703683,0.25,4.250757195669068,0.3747460979508542,0.002330653309795517,0.23938279784000405,0.03497422610360747
13.05015493939283,104.09162391721094,0.25,4.25085718910723,0.3747460573840322,0.0023314277791433025,0.23881523728428777,0.03502034919246825
13.049770803727142,104.5590039082739,0.25,4.251251072694264,0.3747431964383463,0.002335286121761968,0.23409979629947575,0.03521574476249427
13.049090828349549,104.67755869999185,0.25,4.251647915061981,0.374742920056684,0.0023386092904221925,0.2329481087443217,0.03518079271264769
13.050178443912602,104.57390642390199,0.25,4.250808347367201,0.3747419321003609,0.0023320203074568566,0.2339418540839946,0.03526346843605207
13.049644846700904,104.47120331811087,0.25,4.250654936318784,0.3747418209223863,0.002330966587804608,0.23497655312219834,0.035169837043289194
13.049311765682651,104.98546328199109,0.25,4.2505604955955745,0.3747369331476303,0.0023314971340889033,0.22996464748945034,0.035249229599097494
13.049215994528184,104.9868213103445,0.25,4.250580922736457,0.3747369147227854,0.0023316858093316915,0.22995410510442027,0.035239383296749256
13.048841981833593,105.14939364528108,0.25,4.250899628656846,0.3747363373395797,0.002334434377362,0.22842592790600014,0.0351973164917304
13.049166583542727,104.78008956580237,0.25,4.24962825341339,0.37473511649404406,0.0023245499814932027,0.23194516640686702,0.035211354678750556
13.048433283969008,105.28169103762191,0.25,4.250853837852712,0.3747347310975362,0.002334572711291492,0.22720290389920628,0.03513853408898057
13.048414502734428,105.41740534021423,0.25,4.2504681836601526,0.3747322281281792,0.002332161159107244,0.2259553334675506,0.03510619205163837
13.048466756487251,105.61984386498654,0.25,4.250604005591299,0.3747310268232052,0.0023335370890531643,0.22412505764561685,0.035041914729080574
13.04852899684038,105.56003434631697,0.25,4.250158643571357,0.3747299976711273,0.0023302443666639305,0.22465977567951612,0.03507186884602347
13.04850637997861,105.55994162894213,0.25,4.25010742884549,0.37472979252537264,0.0023298933265572704,0.2246611682113,0.03506958207836703
13.047980975699284,105.79935008152071,0.25,4.250599535917369,0.3747290785250414,0.002334117570830955,0.22254846698050468,0.034906406191638276
13.0469749857768,106.19387980684547,0.25,4.250394724392063,0.37472413072497235,0.0023340192726870315,0.21919424146719324,0.034538128543599035
13.046886478758518,106.1950154917916,0.25,4.2503710835985595,0.3747239632504735,0.002333894699398339,0.21918689996412488,0.034528218834013934
13.046174331955527,106.10376777705115,0.25,4.249864106336026,0.3747222984310451,0.0023304321792136946,0.2199717547768849,0.0345273974471359
13.04637204881348,106.44949825354608,0.25,4.24998967235162,0.37471993614183075,0.002332039036924941,0.21710457481813705,0.03425051572004376
13.045783153588172,106.5513876729408,0.25,4.2501484932729365,0.37471914744970014,0.002333654968337807,0.21629909669377323,0.034089309644731496
13.045403227507553,106.74416168601836,0.25,4.2498621917548975,0.37471608021749414,0.0023322769844836212,0.21478750186343332,0.03384207153984362
13.044498030487157,106.65025974248495,0.25,4.249806342520021,0.37471593744328585,0.0023320545958629302,0.21554530617252077,0.033855932363931515
13.049768807561525,107.18156515216849,0.25,4.249285894479376,0.3747136117409985,0.0023274145726593022,0.21138459770816254,0.03376731507701447
13.043696346925335,106.96053948177938,0.25,4.25006515780863,0.3747135173698048,0.0023349800975889915,0.21316947079999315,0.03341135550258399
13.04479293216486,106.94045245044794,0.25,4.249443119301537,0.37471223326438996,0.002330083906680515,0.21329488647437955,0.03354648222308474
13.043439484875401,107.26136095820442,0.25,4.249658764380387,0.37470910350502123,0.0023329959103499426,0.21095450943753513,0.03298539379510497
13.04282020342816,107.49031446085115,0.25,4.249310975867995,0.3747051825011618,0.0023314150299667555,0.2093472043715845,0.032592078858969704
13.041645248108182,107.64168466675055,0.25,4.249626745922054,0.37470408352701656,0.0023345373612155464,0.20833588595696706,0.032244208455180126
13.04232474001553,107.61921734157987,0.25,4.249262558030069,0.37470342026341574,0.0023316280891889554,0.20847222386828568,0.03234702911778164
13.041157438207987,107.89466459080415,0.25,4.2493623435263785,0.37470036116542055,0.002333566070246006,0.20667003618056556,0.03179487065505288
13.039956485795976,108.07314339333344,0.25,4.249405859334526,0.3746979083169942,0.0023348769615009163,0.20556089347274287,0.03138252432479529
13.039704463976916,107.78378533855586,0.2500559668006443,4.249718527942484,0.3746897730033252,0.002335625370038553,0.20742490262128865,0.031830273035240025
13.029047982769443,108.38391189866722,0.25,4.249516600161943,0.3746861711592394,0.0023413656421303994,0.20394041731096557,0.029881419316332574
13.034968860884305,110.11412156784749,0.25,4.248986288784753,0.3746730481530813,0.0023400323684990656,0.19552553577283494,0.027780234432027477
13.035707239763148,110.6841691247353,0.25,4.2488142570598635,0.37466752445210677,0.0023402947413890297,0.1936496015084832,0.027347045707746893
13.03229272533374,111.00711433243775,0.25,4.249108499821543,0.37466269982426426,0.0023448795565227435,0.19285975070984196,0.02677682042352235
13.035099538299344,111.12536303508058,0.25,4.248647674657491,0.37466204118333063,0.0023408325726292406,0.19250190584266003,0.026999392614058152
13.034200461279212,111.31953778650143,0.25,4.248883601855544,0.3746603778960266,0.002343499128605605,0.19208350571730715,0.02680169727335581
13.043212222594798,108.06908816976211,0.25024519628511965,4.249561403776044,0.3746497619273293,0.002331105632947269,0.2054844033193537,0.03175135520310414
13.031124080506165,112.88752340009383,0.25,4.248929692924369,0.3746423897489948,0.0023505705003206766,0.18996890974088254,0.02584475294805969
13.08506413792622,113.12944208435094,0.25021578645191217,4.247406825998986,0.374632033116431,0.0023156462777517654,0.18850440521622103,0.03417032453475045
13.035202808096232,114.17568405843132,0.25,4.247966202381333,0.3746285856117875,0.0023469719365993525,0.18944388775138998,0.025774482089157523
13.043461684683901,108.50739289107423,0.25033031248003895,4.249420741591431,0.37462755364866424,0.0023300310064848875,0.20283964479860583,0.031084664182159442
13.032078312199415,114.39637325405795,0.25,4.248269261347055,0.37462494725802414,0.0023512635052029894,0.18954347496572965,0.02535617131943771
13.030742760149632,114.44065617920245,0.25,4.248094315661449,0.37462255270396205,0.0023508279521623427,0.18958533405912914,0.02520229685154012
13.02876442230697,114.74043285027409,0.25,4.2486370724653,0.3746200813059524,0.002356573817996718,0.18969523705927904,0.024924936576638267
13.030146714283543,113.48745003767493,0.25007481110675517,4.248695575230362,0.3746188449693763,0.002350541809840643,0.18967402941762335,0.025512691697508597
13.021918733326288,109.70817327238953,0.25023809478837383,4.249240109418647,0.3746166426632701,0.0023431188934659175,0.1974101631093914,0.027185832768392145
13.037181265243262,113.13304338979142,0.2501340599047535,4.248425471558264,0.3746149860003368,0.0023434767708232812,0.18964053392865998,0.026431019512739053
13.03534670813891,112.43624975006087,0.25016406115524814,4.248230137144799,0.37461333819819836,0.0023400107193406483,0.19025199348528332,0.026495847306635026
13.045453772344407,113.43182881956918,0.25015029607697453,4.247406047167176,0.374611173322884,0.00233378501738294,0.18928735576236289,0.027371359885363402
13.0462667461961,108.72978309516351,0.2504100898023443,4.2491635617757995,0.3746101275306107,0.002326532000957966,0.20152607086554064,0.031077936382380468
13.034255851224005,109.02046172284216,0.25035889747149964,4.249238419329492,0.3746083893193138,0.002333863372901734,0.200277862343182,0.029297459039196335
13.033010176949748,113.05506452413361,0.25018194608684236,4.247961952454771,0.37460023911030715,0.00234116241489797,0.18979071805534198,0.026010257368758245
13.047743009140593,109.22958476815943,0.2504778043929442,4.248814220498323,0.3745912234709596,0.0023239579935782776,0.19892490654852812,0.030530760366357015
13.047426278322087,109.61866628778603,0.2504905685823114,4.248942119100361,0.3745850904823146,0.002325973031119855,0.19716108212025918,0.029969725055914057
13.04386168773863,111.43783894499,0.25051566075416487,4.248741609576567,0.3745587009780306,0.0023315586416062842,0.19155696517325893,0.028067333754914173
13.01634751547589,111.936402286837,0.2503863221761135,4.24865076540611,0.37455684387349863,0.0023466139596959304,0.19138346648139404,0.025161719907623184
13.012278416729128,111.42404365842162,0.2504932233578509,4.249098625761354,0.37453746319536857,0.002348395359727081,0.1923968688768174,0.02523866708628138
13.016880606110673,112.40257729312391,0.2508381502658167,4.248560741098602,0.3744573973048385,0.0023411395554456234,0.1907296709402977,0.02533638629773057
13.012233357900694,109.91684487318781,0.2513085817661016,4.249424567673873,0.3743803673840939,0.0023347995431370816,0.1967899041314498,0.027226672641325486
13.008577231480242,112.68939003054123,0.2511994257554102,4.248903644484654,0.3743718042826821,0.0023434244426603274,0.19066381739153937,0.025245973553693773
13.033070540669918,114.31231303392147,0.2501109557094757,4.2943054110420995,0.3743571178781483,0.002572717943577595,0.18950013984249114,0.025510806299344397
13.033070540669918,114.31231303392147,0.2501123851728467,30.450912602528483,0.07641556189507873,0.10129757084305378,0.1895000355482599,0.025511168127500507
